Forename,Surname
Kellby,MacNeachtain
Lorens,Tocqueville
Vincenz,Smithyman
Ellsworth,Heintze
Isak,Trembey
Beale,Tompion
Nicol,Dyde
Budd,Sempill
Nil,Eliyahu
Timoteo,Cockill
Spencer,Wordsley
Lincoln,Hugin
Kimball,Sarfas
Tyler,Wohler
Timmy,Berrill
Oby,Harler
Arron,Larkins
Brendin,Canacott
Cully,Mindenhall
Ryun,Lovemore
Rolando,Nehls
Buddy,Odgaard
Nolan,Gruczka
Aylmar,Jacquot
Kennith,Sisneros
Silvano,Kilkenny
Skipp,Castaneda
Darby,Le Prevost
Zachary,Jonathon
Jack,Scranedge
Morty,Widdup
Hallsy,Chifney
Demetrius,Bendley
Dagny,McBratney
Dennie,Van Arsdale
Mitchell,Piechnik
Bald,Neighbour
Wayland,Ghione
Shepard,Vlasov
Pryce,Pacht
Otho,Ruddle
Lyell,Landy
Peyton,Beament
Austen,Dacey
Marlowe,Mearns
Willis,Nannoni
Abraham,MacAree
Aguie,Keel
Mark,Dumbrall
Wat,Rankling
Tripp,Steely
Rip,Gulberg
Allie,Simonnet
Far,Celez
Titus,Lovie
Orion,Trenholme
Jasun,Braksper
Jeffy,Grubey
Emlen,Durban
Perren,Devil
Dexter,Lorinez
Horten,Sherme
Ginger,O'Grady
Kingston,McGowing
Gasper,Simoneton
Connie,Kneebone
Sigfried,Galego
Clyve,Goodson
Ingrim,Slocumb
Alaster,Leifer
Hal,Josum
Peyton,McQuode
Benjy,Cruxton
Rodrigo,Demer
Immanuel,Kleinpeltz
Linc,Thireau
Rodrigo,Whate
Nikolos,Cousans
Rowney,McNeish
Zachary,Rolls
Sandro,Jerrans
Garvey,Shalcras
Darn,Sammes
Skippy,Verbruggen
Waring,Kynston
Carroll,Cockling
Meredith,Toby
Mitch,Sayles
Ragnar,Casetti
Caz,Pitkins
Kurtis,Grandisson
Anson,Garstang
Micah,Bramich
Angeli,Frear
Gard,Deniset
Ker,Whitten
Filmer,Terbrug
Boris,Fishleigh
Alic,Buterton
Ingar,Lagadu
Amby,Gobbet
Nils,Boulstridge
Osbert,Lugden
Mohandas,Backshill
Gage,Janiak
Ashby,Ceely
Maximo,Garett
Keen,Bartolomucci
Benedict,Pitson
Maximilianus,Pouton
Major,Yacobsohn
Walther,Boustred
Howard,Dragonette
Marlo,Symon
Neal,Endricci
Grove,Pullar
Cornell,Campos
Minor,Sey
Christos,O' Ronan
Stuart,Genike
Artemas,Coleson
Land,Rothschild
Jayson,Morphey
Ricardo,de Lloyd
Morgen,Tassaker
Decca,Laverock
Marcus,Raylton
Calvin,Oswell
Dominic,Cluse
Anderson,McClarence
Vic,Rosten
Harris,Sudlow
Nate,Merton
Ed,Baccus
Abel,Basson
Terrance,McPike
Jeremy,Capineer
Jeff,Dubbin
Sandro,McCombe
Alfred,Effaunt
Robbert,Iwanczyk
Kalvin,Renon
Derek,Benyon
Norrie,Marris
Hobie,Murrhaupt
Fairfax,Lait
Derrick,Hrinchenko
Olivero,Lamy
Hussein,Josifovic
Alaric,Samper
Westbrook,Sinnott
Adriano,Saberton
Frederich,Routledge
Nelson,Tschiersch
Torrance,Reeds
Launce,Cargon
Jermain,Entwisle
Zacharia,Bertram
Abdel,Bennen
Fredrick,Meaker
Virgil,Loweth
Richie,Comelli
Ugo,Colvie
Jarid,Cumbers
Armstrong,Le-Good
Egbert,Cliss
Mateo,Howey
Angeli,Bullier
Robbert,O'Scannill
Nev,Cottie
Christophorus,Glasbey
Isaiah,Bignal
Zachary,Crane
Gian,Perche
Domenic,Duns
Emmerich,Pirkis
Neale,Gait
Barty,Stockle
Feodor,Tugman
Hurlee,Le Port
Raymund,Ure
Gabie,Paradin
Teodoor,Lechelle
Mose,Tollmache
Blane,Signore
Ancell,Sergean
Burl,Ligertwood
Branden,Gainforth
Kimball,Friary
Sebastiano,McKissack
Noland,Pogson
Mitchel,Kenzie
Mallory,Jorat
Rodney,Janaud
Padriac,Short
Keene,Dolan
Sampson,MacHostie
Ramsey,Birkett
Dene,McGraffin
Burton,Tomasini
